{
    "Modelo": "Comit\u00ea de Redes Neurais",
    "Melhores Hiperpar\u00e2metros": {
        "estimator__activation": "relu",
        "estimator__alpha": "0.0011208547084229376",
        "estimator__hidden_layer_sizes": "(50,)",
        "n_estimators": "14"
    },
    "Acur\u00e1cia (CV)": 0.9999,
    "Desvio-Padr\u00e3o (CV)": 0.0,
    "Precis\u00e3o": 0.9999,
    "Recall": 0.9999,
    "F1-score": 0.9999,
    "AUC-ROC": 1.0,
    "Tempo de Execu\u00e7\u00e3o (s)": 454.83,
    "Itera\u00e7\u00f5es": {
        "rank_test_score": [
            9,
            9,
            3,
            9,
            3,
            9,
            3,
            3,
            9,
            1,
            9,
            9,
            1,
            9,
            9,
            9,
            3,
            3,
            9,
            9
        ],
        "mean_test_score": [
            0.9997917886628513,
            0.9997917886628513,
            0.9998438313378448,
            0.9997917886628513,
            0.9998438313378448,
            0.9997917886628513,
            0.9998438313378448,
            0.9998438313378448,
            0.9997917886628513,
            0.9998958875585633,
            0.9997917886628513,
            0.9997917886628513,
            0.9998958875585633,
            0.9997917886628513,
            0.9997917886628513,
            0.9997917886628513,
            0.9998438313378448,
            0.9998438313378448,
            0.9997917886628513,
            0.9997917886628513
        ],
        "std_test_score": [
            0.00019477292438166186,
            0.00019477292438166186,
            0.00020822488287350894,
            0.00019477292438166186,
            0.00020822488287350894,
            0.00019477292438166186,
            0.00020822488287350894,
            0.00020822488287350894,
            0.00019477292438166186,
            0.0001275111786977222,
            0.00019477292438166186,
            0.00019477292438166186,
            0.0001275111786977222,
            0.00019477292438166186,
            0.00019477292438166186,
            0.00019477292438166186,
            0.00020822488287350894,
            0.00020822488287350894,
            0.00019477292438166186,
            0.00019477292438166186
        ],
        "mean_train_score": [
            0.9999479488596996,
            0.9999479488596996,
            0.9999609612214433,
            0.9999479488596996,
            0.9999609612214433,
            0.9999609612214433,
            0.9999479488596996,
            0.9999609612214432,
            0.999934936497956,
            0.9999609612214433,
            0.9999609612214433,
            0.9999479488596996,
            0.999934936497956,
            0.9999479488596996,
            0.9999609612214433,
            0.9999609612214433,
            0.9999479488596996,
            0.9999479480130369,
            0.9999349356512932,
            0.9999609612214433
        ]
    }
}