{
    "Modelo": "KNN",
    "Melhores Hiperpar\u00e2metros": {
        "n_neighbors": "3",
        "p": "2",
        "weights": "uniform"
    },
    "Acur\u00e1cia (CV)": 0.9998,
    "Desvio-Padr\u00e3o (CV)": 0.0001,
    "Precis\u00e3o": 0.9999,
    "Recall": 0.9999,
    "F1-score": 0.9999,
    "AUC-ROC": 1.0,
    "Tempo de Execu\u00e7\u00e3o (s)": 539.23,
    "Itera\u00e7\u00f5es": {
        "rank_test_score": [
            8,
            9,
            9,
            5,
            5,
            9,
            1,
            3,
            9,
            9,
            9,
            5,
            9,
            9,
            20,
            19,
            1,
            3,
            9,
            9
        ],
        "mean_test_score": [
            0.9996356335464212,
            0.9996356200006963,
            0.9996356200006963,
            0.9996876762214146,
            0.9996876762214146,
            0.9996356200006963,
            0.9998438448835698,
            0.9997917886628513,
            0.9996356200006963,
            0.9996356200006963,
            0.9996356200006963,
            0.9996876762214146,
            0.9996356200006963,
            0.9996356200006963,
            0.9995315211049844,
            0.9995835773257028,
            0.9998438448835698,
            0.9997917886628513,
            0.9996356200006963,
            0.9996356200006963
        ],
        "std_test_score": [
            0.00020823843080122748,
            0.0002654409996466499,
            0.0002654409996466499,
            0.0002550251238289361,
            0.0002550251238289361,
            0.0002654409996466499,
            0.0001275001210581917,
            0.00019477292438166186,
            0.0002654409996466499,
            0.0002654409996466499,
            0.0002654409996466499,
            0.0002550251238289361,
            0.0002654409996466499,
            0.0002654409996466499,
            0.00025504447867058793,
            0.00020824520311290044,
            0.0001275001210581917,
            0.00019477292438166186,
            0.0002654409996466499,
            0.0002654409996466499
        ],
        "mean_train_score": [
            0.999674681643117,
            1.0,
            1.0,
            0.9996876940048607,
            0.9998048094938679,
            1.0,
            0.9999479488596996,
            1.0,
            1.0,
            1.0,
            1.0,
            0.9996876940048607,
            1.0,
            1.0,
            0.9996226313494795,
            1.0,
            0.9999479488596996,
            0.9998828862043185,
            1.0,
            1.0
        ]
    }
}