{
    "Modelo": "LVQ",
    "Melhores Hiperpar\u00e2metros": {
        "alpha": "0.005262961031076741",
        "hidden_layer_sizes": "(5,)"
    },
    "Acur\u00e1cia (CV)": 0.9999,
    "Desvio-Padr\u00e3o (CV)": 0.0,
    "Precis\u00e3o": 0.9998,
    "Recall": 0.9998,
    "F1-score": 0.9998,
    "AUC-ROC": 1.0,
    "Tempo de Execu\u00e7\u00e3o (s)": 30.13,
    "Itera\u00e7\u00f5es": {
        "rank_test_score": [
            9,
            9,
            16,
            9,
            9,
            2,
            2,
            9,
            16,
            16,
            16,
            2,
            2,
            9,
            2,
            9,
            2,
            1,
            16,
            2
        ],
        "mean_test_score": [
            0.9997917886628513,
            0.9997917886628513,
            0.999739732442133,
            0.9997917886628513,
            0.9997917886628513,
            0.9998438448835698,
            0.9998438448835698,
            0.9997917886628513,
            0.999739732442133,
            0.999739732442133,
            0.999739732442133,
            0.9998438448835698,
            0.9998438448835698,
            0.9997917886628513,
            0.9998438448835698,
            0.9997917886628513,
            0.9998438448835698,
            0.9998959011042882,
            0.999739732442133,
            0.9998438448835698
        ],
        "std_test_score": [
            0.00010410567187901195,
            0.00010410567187901195,
            0.00028512366474629715,
            0.00019477292438166186,
            0.00019477292438166186,
            0.0001275001210581917,
            0.0001275001210581917,
            0.00019477292438166186,
            0.00028512366474629715,
            0.00028512366474629715,
            0.00028512366474629715,
            0.0001275001210581917,
            0.0001275001210581917,
            0.00019477292438166186,
            0.0001275001210581917,
            0.00019477292438166186,
            0.0001275001210581917,
            0.00012749459043961733,
            0.00028512366474629715,
            0.0001275001210581917
        ],
        "mean_train_score": [
            0.9998178227022745,
            0.9998438474257616,
            0.9998438474257616,
            0.9998568606341683,
            0.9998698738425749,
            0.9998568597875053,
            0.999869872995912,
            0.9998438482724247,
            0.9998178210089487,
            0.9998438482724247,
            0.9998568606341683,
            0.9998178210089487,
            0.9998308350640179,
            0.9997917971321242,
            0.9998308342173552,
            0.9998178227022743,
            0.9998438474257616,
            0.9998048078005422,
            0.9998568597875053,
            0.9998438474257616
        ]
    }
}