{
    "Modelo": "SVM",
    "Melhores Hiperpar\u00e2metros": {
        "C": "0.10051981180656774",
        "gamma": "auto",
        "kernel": "linear"
    },
    "Acur\u00e1cia (CV)": 0.9999,
    "Desvio-Padr\u00e3o (CV)": 0.0007,
    "Precis\u00e3o": 0.9999,
    "Recall": 0.9999,
    "F1-score": 0.9999,
    "AUC-ROC": 1.0,
    "Tempo de Execu\u00e7\u00e3o (s)": 252.72,
    "Itera\u00e7\u00f5es": {
        "rank_test_score": [
            2,
            13,
            3,
            3,
            13,
            1,
            3,
            13,
            19,
            13,
            13,
            3,
            3,
            3,
            13,
            20,
            3,
            3,
            3,
            3
        ],
        "mean_test_score": [
            0.9998438448835698,
            0.9996876762214146,
            0.9997917886628513,
            0.9997917886628513,
            0.9996876762214146,
            0.9998959011042882,
            0.9997917886628513,
            0.9996876762214146,
            0.9994795326128905,
            0.9996876762214146,
            0.9996876762214146,
            0.9997917886628513,
            0.9997917886628513,
            0.9997917886628513,
            0.9996876762214146,
            0.9967731509645301,
            0.9997917886628513,
            0.9997917886628513,
            0.9997917886628513,
            0.9997917886628513
        ],
        "std_test_score": [
            0.0001275001210581917,
            0.0002550251238289361,
            0.00019477292438166186,
            0.00019477292438166186,
            0.0002550251238289361,
            0.00012749459043961733,
            0.00019477292438166186,
            0.0002550251238289361,
            0.0005458217251363709,
            0.0002550251238289361,
            0.0002550251238289361,
            0.00019477292438166186,
            0.00019477292438166186,
            0.00019477292438166186,
            0.0002550251238289361,
            0.0027763212278237195,
            0.00019477292438166186,
            0.00019477292438166186,
            0.00019477292438166186,
            0.00019477292438166186
        ],
        "mean_train_score": [
            0.9999479488596996,
            0.9997787830770548,
            0.9999609612214433,
            0.9999609612214433,
            0.9996876940048607,
            0.9999219241362123,
            0.9999609612214433,
            0.9996876940048607,
            0.9999609612214433,
            0.9996876940048607,
            0.9997787830770548,
            0.9999609612214433,
            0.9999609612214433,
            0.9999609612214433,
            0.9996876940048607,
            1.0,
            0.9999609612214433,
            0.9999609612214433,
            0.9999609612214433,
            0.9999609612214433
        ]
    }
}