{
    "Modelo": "\u00c1rvore de Decis\u00e3o",
    "Melhores Hiperpar\u00e2metros": {
        "criterion": "entropy",
        "max_depth": "10",
        "min_samples_leaf": "1",
        "min_samples_split": "13"
    },
    "Acur\u00e1cia (CV)": 0.9994,
    "Desvio-Padr\u00e3o (CV)": 0.0015,
    "Precis\u00e3o": 0.9999,
    "Recall": 0.9999,
    "F1-score": 0.9999,
    "AUC-ROC": 1.0,
    "Tempo de Execu\u00e7\u00e3o (s)": 70.89,
    "Itera\u00e7\u00f5es": {
        "rank_test_score": [
            20,
            6,
            8,
            3,
            1,
            11,
            17,
            19,
            15,
            13,
            9,
            14,
            7,
            10,
            2,
            3,
            5,
            12,
            16,
            18
        ],
        "mean_test_score": [
            0.9943265898651157,
            0.9984384894728722,
            0.9980742178393675,
            0.9992712806385672,
            0.999375379534279,
            0.997917981448588,
            0.9959401159757872,
            0.9947949197571576,
            0.9975016671400898,
            0.9978139367357756,
            0.9980741094735684,
            0.9976576732535463,
            0.9982302781357235,
            0.9980221616186491,
            0.9993233233135607,
            0.9992712806385672,
            0.9991671817428553,
            0.9978659252278697,
            0.9967208509207637,
            0.9949512103308367
        ],
        "std_test_score": [
            0.0016240796650731247,
            0.00036798775944243744,
            0.0009538471539932753,
            0.00030354894606676887,
            0.00026545694497240405,
            0.0008063597456987341,
            0.001073995891490172,
            0.0010411178538523257,
            0.000967872769550351,
            0.0008952579586607904,
            0.0006906222275001257,
            0.00043571171788555794,
            0.000602566282304738,
            0.001270447056623068,
            0.0003123644216341575,
            0.00019479466201268974,
            0.00019476209139852041,
            0.0006025616214768737,
            0.0006902996399621286,
            0.0014401222098059253
        ],
        "mean_train_score": [
            0.9960831859822429,
            0.9992062230737394,
            0.9994794885969963,
            0.9998698721492489,
            0.9999089109278059,
            0.9985555897466247,
            0.9975275877689895,
            0.9966427310838263,
            0.9988548825333575,
            0.9994274391500216,
            0.9989069319803322,
            0.9982042432796028,
            0.9990370589844202,
            0.9994534655668346,
            0.9998958985660622,
            0.9996876948515234,
            0.9998698721492489,
            0.9983343728236795,
            0.9984775181161514,
            0.9960961983439865
        ]
    }
}